rakes@rakes.it;https://news.google.com/__i/rss/rd/articles/CBMiU2h0dHA6Ly93d3cuc3BhemlvZ2FtZXMuaXQvY3liZXJwdW5rLTIwNzctcmFkZG9wcGlhLWlsLWZyYW1lLXJhdGUtY29uLWxhLXBhdGNoLTEtMDUv0gEA?oc=5;0.9487574696540833 
rakes@rakes.it;https://news.google.com/__i/rss/rd/articles/CBMia2h0dHBzOi8vd3d3LnRlY25vYW5kcm9pZC5pdC8yMDIwLzEyLzIzL3RpbS1yZWdhbGEtdW4tdGFibGV0LWUtNTAwLWV1cm8taS1kdWUtYm9udXMtaW4tcXVlc3RhLXRhcmlmZmEtODQ0MDMz0gFvaHR0cHM6Ly93d3cudGVjbm9hbmRyb2lkLml0LzIwMjAvMTIvMjMvdGltLXJlZ2FsYS11bi10YWJsZXQtZS01MDAtZXVyby1pLWR1ZS1ib251cy1pbi1xdWVzdGEtdGFyaWZmYS04NDQwMzMvYW1w?oc=5;0.9484454989433289 
rakes@rakes.it;https://news.google.com/__i/rss/rd/articles/CBMiVmh0dHBzOi8vd3d3LnVuaXZlcnNvZnJlZS5jb20vMjAyMC8xMi8yMy9wZXItbmF0YWxlLWlsaWFkLW9mZnJlLWdpZ2EtaWxsaW1pdGF0aS1ncmF0aXMv0gGfAWh0dHBzOi8vd3d3LnVuaXZlcnNvZnJlZS5jb20vMjAyMC8xMi8yMy9wZXItbmF0YWxlLWlsaWFkLW9mZnJlLWdpZ2EtaWxsaW1pdGF0aS1ncmF0aXMvYW1wLz9mYmNsaWQ9SXdBUjFRd1YtS3gyX0RFSFBURVJWX1R3VGs5c0lLakZ5UjNJdTNobTdYLXNTZUJtX0ZkVFJKbFgyQTFkRQ?oc=5;0.9474974870681763 
rakes@rakes.it;https://news.google.com/__i/rss/rd/articles/CBMiWmh0dHBzOi8vdGVjbm9sb2dpYS5saWJlcm8uaXQvd2hhdHNhcHAtY29uLWx1bHRpbWEtdmVyc2lvbmUtY29uZGl2aWRlcmUtZS1mYWNpbGlzc2ltby00MTQ4MdIBXmh0dHBzOi8vdGVjbm9sb2dpYS5saWJlcm8uaXQvd2hhdHNhcHAtY29uLWx1bHRpbWEtdmVyc2lvbmUtY29uZGl2aWRlcmUtZS1mYWNpbGlzc2ltby00MTQ4MS9hbXA?oc=5;0.9460697770118713 
rakes@rakes.it;https://news.google.com/__i/rss/rd/articles/CBMifmh0dHBzOi8vd3d3LmNvbWluZ3Nvb24uaXQvdHYvYW50aWNpcGF6aW9uaS9iZWF1dGlmdWwtYW50aWNpcGF6aW9uaS0yMy1kaWNlbWJyZS0yMDIwLWthdGllLXZ1b2xlLWNvbm9zY2VyZS1pbC1kb25hdG9yZS9uMTE1ODA4L9IBggFodHRwczovL3d3dy5jb21pbmdzb29uLml0L3R2L2FudGljaXBhemlvbmkvYmVhdXRpZnVsLWFudGljaXBhemlvbmktMjMtZGljZW1icmUtMjAyMC1rYXRpZS12dW9sZS1jb25vc2NlcmUtaWwtZG9uYXRvcmUvbjExNTgwOC9hbXAv?oc=5;0.9458850026130676 
rakes@rakes.it;https://news.google.com/__i/rss/rd/articles/CBMiWGh0dHBzOi8vaW5zb2xlbnphZGlyMmQyLml0L3RoZS1tYW5kYWxvcmlhbi1yaW1hbmRhdGEtbHVzY2l0YS1kZWxsYS10ZXJ6YS1zdGFnaW9uZS8xOTAzOC_SAQA?oc=5;0.9447881579399109 
rakes@rakes.it;https://news.google.com/__i/rss/rd/articles/CBMiSWh0dHBzOi8vd3d3LnRyZW5kLW9ubGluZS5jb20vaW50ZS9mdHNlLW1pYi1mY2Etc3RtLWV1cm8tZG9sbGFyby1wZXRyb2xpby_SAQA?oc=5;0.9445523619651794 
rakes@rakes.it;https://news.google.com/__i/rss/rd/articles/CBMiXGh0dHBzOi8vd3d3LmhkYmxvZy5pdC9zbWFydHBob25lL2FydGljb2xpL241MzE0MTMvcmVhbG1lLXJhY2Utc21hcnRwaG9uZS1wcmV6em8tZGF0YS11c2NpdGEv0gEA?oc=5;0.9431002736091614 
rakes@rakes.it;https://news.google.com/__i/rss/rd/articles/CBMidmh0dHBzOi8vd3d3Lmh3dXBncmFkZS5pdC9uZXdzL2FwcGxlL2xhLWFwcGxlLWNhci1kYXZ2ZXJvLWluLWFycml2by1uZWwtMjAyNC1jb24tdW5hLWJhdHRlcmlhLXJpdm9sdXppb25hcmlhXzk0MzMyLmh0bWzSAQA?oc=5;0.9414544105529785 
rakes@rakes.it;https://news.google.com/__i/rss/rd/articles/CBMic2h0dHBzOi8vd3d3LmNvbWluZ3Nvb24uaXQvdHYvYW50aWNpcGF6aW9uaS9zdGFzZXJhLWluLXR2LWZpbG0tZS1wcm9ncmFtbWktZGktb2dnaS1tYXJ0ZWRpLTIyLWRpY2VtYnJlLTIwMjAvbjExNTg1MC_SAXdodHRwczovL3d3dy5jb21pbmdzb29uLml0L3R2L2FudGljaXBhemlvbmkvc3Rhc2VyYS1pbi10di1maWxtLWUtcHJvZ3JhbW1pLWRpLW9nZ2ktbWFydGVkaS0yMi1kaWNlbWJyZS0yMDIwL24xMTU4NTAvYW1wLw?oc=5;0.9412463307380676 
rakes@rakes.it;https://news.google.com/__i/rss/rd/articles/CBMiOGh0dHBzOi8vdGcyNC5za3kuaXQvZWNvbm9taWEvMjAyMC8xMi8yMi9ib251cy1zbWFydHBob25l0gE8aHR0cHM6Ly90ZzI0LnNreS5pdC9lY29ub21pYS8yMDIwLzEyLzIyL2JvbnVzLXNtYXJ0cGhvbmUvYW1w?oc=5;0.9407361149787903 
